{"cameraMode":{"drawMode":0,"name":"Shaded","section":"Shading Mode"},"sceneLighting":false,"audioPlay":false,"sceneViewState":{"showFog":true,"showMaterialUpdate":true,"showSkybox":false,"showFlares":true,"showImageEffects":true,"showParticleSystems":true},"in2DMode":false,"pivot":{"x":8.669899940490723,"y":1.7138500213623047,"z":12.187200546264649},"rotation":{"x":0.005233390722423792,"y":0.9922832250595093,"z":-0.04499080032110214,"w":0.1154237613081932},"size":3.27150559425354,"orthographic":false}