{"cameraMode":{"drawMode":0,"name":"Shaded","section":"Shading Mode"},"sceneLighting":true,"audioPlay":false,"sceneViewState":{"showFog":true,"showMaterialUpdate":true,"showSkybox":true,"showFlares":true,"showImageEffects":true,"showParticleSystems":true},"in2DMode":false,"pivot":{"x":5.343495845794678,"y":-25.312149047851564,"z":38.636322021484378},"rotation":{"x":0.049919579178094867,"y":0.9430676102638245,"z":-0.2839930057525635,"w":0.16577011346817017},"size":146.63397216796876,"orthographic":false}