{"cameraMode":{"drawMode":0,"name":"Shaded","section":"Shading Mode"},"sceneLighting":false,"audioPlay":false,"sceneViewState":{"showFog":true,"showMaterialUpdate":true,"showSkybox":false,"showFlares":true,"showImageEffects":true,"showParticleSystems":true},"in2DMode":false,"pivot":{"x":-4.340129852294922,"y":0.5,"z":16.683795928955079},"rotation":{"x":0.005233390722423792,"y":0.9922832250595093,"z":-0.04499080032110214,"w":0.1154237613081932},"size":14.289420127868653,"orthographic":false}