{"cameraMode":{"drawMode":0,"name":"Shaded","section":"Shading Mode"},"sceneLighting":true,"audioPlay":false,"sceneViewState":{"showFog":true,"showMaterialUpdate":true,"showSkybox":false,"showFlares":true,"showImageEffects":true,"showParticleSystems":true},"in2DMode":false,"pivot":{"x":8.600000381469727,"y":1.5,"z":8.899999618530274},"rotation":{"x":0.005233390722423792,"y":0.9922832250595093,"z":-0.04499080032110214,"w":0.1154237613081932},"size":4.041658401489258,"orthographic":false}