{"cameraMode":{"drawMode":0,"name":"Shaded","section":"Shading Mode"},"sceneLighting":true,"audioPlay":false,"sceneViewState":{"showFog":true,"showMaterialUpdate":true,"showSkybox":true,"showFlares":true,"showImageEffects":true,"showParticleSystems":true},"in2DMode":false,"pivot":{"x":-19.604175567626954,"y":2.284740924835205,"z":10.142173767089844},"rotation":{"x":0.049919579178094867,"y":0.9430676102638245,"z":-0.2839930057525635,"w":0.16577011346817017},"size":2.8578836917877199,"orthographic":false}