{"cameraMode":{"drawMode":0,"name":"Shaded","section":"Shading Mode"},"sceneLighting":true,"audioPlay":false,"sceneViewState":{"showFog":true,"showMaterialUpdate":true,"showSkybox":false,"showFlares":true,"showImageEffects":true,"showParticleSystems":true},"in2DMode":false,"pivot":{"x":-3.9784669876098635,"y":4.706055641174316,"z":114.11827087402344},"rotation":{"x":-0.43168121576309206,"y":0.04678588733077049,"z":-0.022427862510085107,"w":-0.9005357027053833},"size":149.51177978515626,"orthographic":false}