{"cameraMode":{"drawMode":0,"name":"Shaded","section":"Shading Mode"},"sceneLighting":false,"audioPlay":false,"sceneViewState":{"showFog":true,"showMaterialUpdate":true,"showSkybox":false,"showFlares":true,"showImageEffects":true,"showParticleSystems":true},"in2DMode":false,"pivot":{"x":-22.670000076293947,"y":4.710000038146973,"z":-1.6699999570846558},"rotation":{"x":-0.00008195149712264538,"y":-0.999772310256958,"z":-0.020998317748308183,"w":0.0038972487673163416},"size":4.631096363067627,"orthographic":false}